,,,,,,,,,,,,,,
,ppt,Precip (mm/mon),,,,,,,,,,,,
,tmean,Average Temp (degC/mon),,,,,,,,,,,,
,tmax ,Max Temp (degC/mon),,,,,,,,,,,,
,tmin,Min Temp (degC/mon),,,,,,,,,,,,
,,,,,,,,,,,,,,
,,,"Months (1 = Jan,  2 = Feb, â€¦)",,,,,,,,,,,
State,Met Var,YEAR,1,2,3,4,5,6,7,8,9,10,11,12
IA,ppt,1950,37.73,38.05,26.85,69.04,123.86,147.03,112.86,62.22,51.71,31.93,14.86,18.97
IA,ppt,1951,15.02,59.58,106.05,125.12,124.37,158.71,113.83,154.25,62.57,83.1,33.28,24.57
IA,ppt,1952,32.82,16.19,80.3,48.88,96.93,136,96.4,117.37,22.08,0.37,69.05,29.83
IA,ppt,1953,19.49,42.48,71.61,78.93,64.93,129.72,83.63,59.05,23.47,12.57,33.61,34.26
IA,ppt,1954,6.32,36.47,44.83,105.94,96.08,164.62,44.94,176.23,53.93,105.36,5.75,19.13
IA,ppt,1955,23.59,33.37,24.2,88.5,69.64,77.57,86.06,47.08,75.17,39.03,6.03,12.53
IA,ppt,1956,11.8,14.1,23.96,49.67,82.94,65.08,110.89,116.76,37.32,34.56,50.42,13.51
IA,ppt,1957,14.06,8.74,47.57,64.06,123.85,123.16,95.03,95.87,68.09,70.16,62.96,28.82
IA,ppt,1958,18.14,12.98,14.55,57.08,47.65,102.31,183.08,64.79,75.91,23.31,40.58,5.82
IA,ppt,1959,19.9,33.57,80.08,71.37,186.07,102.17,67.33,126.2,110.39,75.07,46.23,44.78
IA,ppt,1960,55.47,29.09,39.28,79.93,152.04,108.57,73.65,136.3,88.32,52.56,28.25,15.87
IA,ppt,1961,6.78,42.75,105.97,50.1,60.17,88.15,138.42,78.14,174.77,83.44,75.34,37.95
IA,ppt,1962,16.07,51.74,40.76,45.47,142.9,77.78,156.67,101.56,58.43,73.2,14.2,9.74
IA,ppt,1963,16.13,14.08,65.07,77.98,74.14,68.15,137.02,95.1,63.97,27.36,34.35,12.31
IA,ppt,1964,9.92,8.15,38.64,127.82,103.22,126.89,96.94,98.99,115.3,6.7,30.11,24.18
IA,ppt,1965,35.35,32.34,70.5,115.86,120.22,100.86,85.62,108.26,242.58,28.61,33.02,42.14
IA,ppt,1966,24.44,18.31,45.53,47.67,98.11,143.13,83.7,64.42,36.7,42.44,12.5,27.26
IA,ppt,1967,29.93,13.93,38.36,85.07,70.33,222.45,52.74,67.04,66.91,80.51,17.2,23.48
IA,ppt,1968,15.88,4.84,22.05,111.9,67.16,119.6,113.33,87.78,119.5,87.38,29.92,52.81
IA,ppt,1969,44.71,22.78,29.35,84.55,96.3,182.8,160.1,60.75,63.34,89.66,9.51,37.62
IA,ppt,1970,7.24,4.07,54.99,58.98,127.2,81.54,86.78,100.53,155.98,102.08,42.99,28.63
IA,ppt,1971,27.83,61.54,22.91,34.57,88.75,109.02,91.54,30.61,61.2,89.58,77.25,47.64
IA,ppt,1972,12.01,17.84,33.13,87.86,118.41,93.96,142.74,109.59,138.99,75.25,59.28,44.23
IA,ppt,1973,43.75,33.75,96.84,116.31,156.49,87.24,132.37,69.85,173.44,67.16,57.69,52.5
IA,ppt,1974,30.76,17.07,43.19,84.28,159.46,120.8,57.96,120.99,39.61,67.36,37.45,30.16
IA,ppt,1975,39.14,29.14,54.24,97.21,85.18,134.59,24.79,127.65,54.59,7.98,86.07,21.09
IA,ppt,1976,6.11,36.33,86.93,116.46,80.35,82.58,63.1,37.54,38.11,38.62,2.37,8.07
IA,ppt,1977,13.05,12.96,98.44,64.85,72.01,65.72,105.51,201.49,119.61,105.3,44.43,26.16
IA,ppt,1978,17.01,19.61,18.57,117.3,94.5,112.77,148.14,83.44,136.52,32.8,61.27,24.61
IA,ppt,1979,43.17,13.71,94.57,77.75,74.1,104.92,119.58,152.01,36.87,90.33,50.67,14.18
IA,ppt,1980,32.79,18.52,26.66,36.96,69.98,120.34,62.65,190.36,86.43,49.64,10.89,27.78
IA,ppt,1981,1.17,37.86,19.04,86.03,63.66,135.67,120.72,129.41,65.46,62.52,47.72,32.32
IA,ppt,1982,45.52,9.56,66.43,60.31,178.17,80.69,157.97,109.15,85.72,84.14,74.17,85.79
IA,ppt,1983,17.22,30.78,80.22,73.95,118.92,133.75,66.32,59.41,103.29,83.62,118.01,27.99
IA,ppt,1984,12.52,23.83,46.11,147.08,119.81,164.82,100.24,24.23,51.23,129.33,54.55,51.54
IA,ppt,1985,16.65,28.16,66.44,57.86,71.25,74.9,67.89,97.38,132.64,77.81,57.66,33.19
IA,ppt,1986,5.78,31.13,51.59,114.24,143.12,115.39,126.35,99.45,168.82,94.79,29.45,20.44
IA,ppt,1987,7.45,2.78,82.62,48.35,99.07,61.8,130.8,193.02,63.83,17.78,68.46,46.18
IA,ppt,1988,19.12,11.6,19.2,46.78,44.06,39.58,51.59,102.36,89.17,15.86,65.51,19.63
IA,ppt,1989,23.08,13.85,22.69,51.2,64.15,83.51,81.7,86.59,123.22,48.46,6.58,8.66
IA,ppt,1990,21.16,16.89,108.73,56.91,144.33,200.88,160.54,108.72,34.73,47.59,41.73,40.47
IA,ppt,1991,20.15,7.31,107.03,147.89,128.61,105.57,58.06,84.53,69.6,71.35,114.98,38.15
IA,ppt,1992,25.19,32.07,55.01,90.04,43.59,47.36,215.52,64.32,138.29,40.05,111.5,44.96
IA,ppt,1993,29.73,29.27,68.37,93.1,140.68,201.34,261.96,207,92.06,32.69,27.2,19.36
IA,ppt,1994,26.45,29.23,4.52,58.28,53,154.72,96.12,90.65,89.12,48.29,56.5,30.07
IA,ppt,1995,20.71,7.99,65.09,123.62,148.36,92.78,85.66,86.56,72.23,50.51,44.45,10.15
IA,ppt,1996,47.3,6.42,35.29,40.42,185.48,127.79,80.49,94.9,70.76,68.56,66.63,21.82
IA,ppt,1997,25.2,43.57,33.15,63.66,106.9,110.16,71.9,69.56,76.73,86.17,25.57,24.96
IA,ppt,1998,26.4,41.02,91.5,99.86,108.14,198.24,76.65,127.22,50.17,122.78,40.92,10.49
IA,ppt,1999,32.71,23.01,25.03,157.26,123.24,130.88,130.06,76.81,44.85,18.08,25.19,17.54
IA,ppt,2000,17.89,33.36,25.08,50.68,87.25,165.23,101.78,64.62,50.86,43.8,53.55,44.4
IA,ppt,2001,37.48,56.19,33.03,89.42,177.58,104.29,77.89,73.63,100.41,61.23,39.15,19.75
IA,ppt,2002,9.47,22.62,30.24,94.66,103.24,93.48,110.94,146.47,45.11,92.61,5.22,6.22
IA,ppt,2003,9.7,20.72,30.05,82.51,121.82,117.58,106.21,26.58,80.53,25.91,88.13,34.79
IA,ppt,2004,25,30.24,96.75,45.5,192.34,86.8,102.25,113.32,63.02,48.48,56.15,13.84
IA,ppt,2005,34.6,39.57,28.58,82.4,95.4,130.23,80.74,76.23,84.27,21.64,41.5,30.97
IA,ppt,2006,25.41,8.49,83.07,103.14,60.86,58.87,78.1,139.55,96.14,39.42,41.67,50.17
IA,ppt,2007,26.42,45.64,73.1,113.17,129,80.7,85.58,238.22,71.12,127.72,4.47,66.71
IA,ppt,2008,17.39,47.68,29.07,146.11,144.86,221.9,147.07,51.58,101.61,80.17,41.96,51.03
IA,ppt,2009,18.16,21.17,76.95,90.79,88.3,131.77,115.42,144.74,41.93,154.97,29.81,69.53
IA,ppt,2010,34.51,24.84,46.17,90.98,104.73,260.8,198.77,123.27,138.3,23.02,42.95,32.12
IA,ppt,2011,23.68,38.26,39.23,94.32,123.58,152.54,84.44,74.69,40.04,18.46,51.41,52.99
IA,ppt,2012,15.94,44.73,50.45,97.87,91.52,76.01,29.94,72.65,40.89,78.63,27.08,40.02
IA,ppt,2013,24.63,34.07,55.56,165.98,219.48,126.51,43.89,40.08,50.03,69.71,41.89,16.46
IA,ppt,2014,11.54,40.96,22.33,123.64,83.78,243.38,88.95,150.32,113.29,81.53,20.49,28.47
IA,ppt,2015,13.03,30.65,15.28,86.75,128.4,165.49,140.03,133.5,99.96,41.77,97.46,126.41
IA,tmax,1950,-0.88,-0.16,4.29,12.04,21.54,26.54,27.21,25.98,24.07,21.62,7.16,-2.24
IA,tmax,1951,-2.21,0.44,2.35,11.6,23.03,23.91,27.95,27.21,21.61,17.22,4.86,-1.39
IA,tmax,1952,-0.89,3.85,4.1,16.52,21.55,29.67,30.16,27.14,26.02,17.33,10.29,0.65
IA,tmax,1953,-0.67,2.38,7.87,12.05,21.56,29.14,30.04,29.85,26.82,22.57,11.78,3.38
IA,tmax,1954,-0.92,8.62,5.49,18.12,19.61,28.51,31.91,27.97,25.77,16.5,11.25,2.03
IA,tmax,1955,-1.41,-0.85,6.91,20.5,24.63,25.64,32.66,32.75,27.05,18.85,5.66,-1.47
IA,tmax,1956,-1.82,0.24,6.96,15.59,23.43,30.53,29.16,29.1,25.48,22.64,8.16,2.85
IA,tmax,1957,-3.93,3.42,7.61,15.48,20.95,26.51,31.52,28.94,22.58,15.59,6.4,4.57
IA,tmax,1958,-0.5,-2.89,5.42,16.21,24.26,25.06,26.92,29.33,24.88,20.16,11.38,-0.39
IA,tmax,1959,-3.72,-1.13,6.8,16,22.91,28.45,28.71,30.35,23.87,14.48,3.93,4.52
IA,tmax,1960,-2.15,-2.04,-1.19,16.59,21.44,25.67,29.02,28.86,25.16,18.58,10.74,0.86
IA,tmax,1961,-0.59,3.53,6.85,12.39,20.56,27.43,28.87,28.86,22.91,19.12,7.84,-1.9
IA,tmax,1962,-4.62,-1.39,2.71,15.24,25.33,26.54,27.8,28.67,22.79,18.68,9.63,1.62
IA,tmax,1963,-7.33,-1.07,9.69,18.06,21.62,29.69,29.94,27.86,24.7,24.55,11.8,-4.22
IA,tmax,1964,2.69,4.12,6.22,16.33,25.18,27.29,31.05,27.33,23.32,17.93,11.26,-1.15
IA,tmax,1965,-1.87,-1.14,-0.03,14.35,24.72,26.66,28.95,28.11,20.88,18.88,10.05,5.32
IA,tmax,1966,-5.13,0.98,10.58,13.46,21.16,26.92,31.19,27.33,23.64,18.86,9.22,0.67
IA,tmax,1967,0.42,-0.09,9.96,16.55,20.51,25.91,28.43,27.32,23.25,16.77,7.24,2.24
IA,tmax,1968,-1.9,0.45,13.07,17.65,20.62,28.32,29.1,28.56,23.4,18.31,7.15,-0.54
IA,tmax,1969,-5.09,-0.2,3.12,16.58,22.61,24.68,29.1,29.1,24.25,15.39,8.93,-0.56
IA,tmax,1970,-6.71,2.48,4.66,16.57,24.17,27.58,30.34,28.8,23.78,16.78,6.86,1.25
IA,tmax,1971,-4.66,-1.58,4.9,17.83,20.95,30.22,27.78,28.77,25.81,20.72,8.68,0.97
IA,tmax,1972,-3.38,-1.67,7.76,14.41,22.77,27.16,28.16,27.9,24.01,15.17,4.96,-2.99
IA,tmax,1973,-1.37,1.19,10.5,14.24,20.51,28.45,28.94,29.13,22.66,20.39,8.56,-1.25
IA,tmax,1974,-3.48,1.69,8.75,17.34,20.51,26.04,32.4,26.58,22.46,18.38,8.41,1.09
IA,tmax,1975,-1.09,-1.86,2.58,11.98,24.22,26.71,30.59,29.9,21.81,20.69,10.88,1.73
IA,tmax,1976,-0.5,6.77,8.75,18.36,21.46,28.17,30.76,29.28,25.23,15.04,6.14,-0.65
IA,tmax,1977,-7.86,3.83,11.24,19.96,26.5,28.97,31.78,26.73,24.16,16.14,7.57,-1.82
IA,tmax,1978,-7.4,-5.34,4.86,15.34,21.68,27.89,28.86,28.82,27.32,17.2,7.72,-1.63
IA,tmax,1979,-9.84,-6.06,5.02,12.87,22.05,27.42,28.67,27.63,25.97,17.98,7.24,4.38
IA,tmax,1980,-1.26,-2.16,5.2,16.88,23.95,27.81,31.84,29.6,25.33,16.14,10.44,1.27
IA,tmax,1981,1.93,3.72,11.39,19.86,21.32,28.16,28.65,27.22,24.59,16.08,10.34,-0.62
IA,tmax,1982,-7.58,-1.55,5.64,13.61,22.59,24.57,29.54,27.18,22.7,18.02,7.23,3.25
IA,tmax,1983,-0.24,2.28,6.82,11.19,19.86,27.12,31.87,32.95,25.53,16.98,7.95,-8.85
IA,tmax,1984,-2.76,4.94,2.51,13.57,20.16,27.78,29.07,30.37,23.87,17.44,9.31,2.52
IA,tmax,1985,-3.75,-2.08,10.73,18.55,24.49,26.2,29.81,26.28,23.19,16.41,3.16,-5.49
IA,tmax,1986,0.69,-2.14,10.07,18.13,22.18,28.35,29.9,25.77,24.13,16.76,5.66,0.88
IA,tmax,1987,0.83,7.49,10.44,19.13,25.71,29.76,30.63,27.23,23.99,15.3,10.34,1.74
IA,tmax,1988,-3.38,-1.53,10.22,16.81,26.37,31.41,31.28,31.79,25.7,14.97,8.89,2.06
IA,tmax,1989,3.47,-3.82,6.35,16.58,22.26,26.38,30.25,28.2,22.84,18.9,7.62,-4.39
IA,tmax,1990,4.29,3.69,9.69,15.64,19.57,26.97,28.02,27.77,25.96,17.52,11.64,-1.19
IA,tmax,1991,-5.02,3.75,10.06,16.87,23.11,28.59,29.47,28.33,23.85,17.12,2.45,1.88
IA,tmax,1992,1.87,4.05,9.55,13.32,22.99,26.58,25.52,24.96,22.52,17.38,3.9,0.03
IA,tmax,1993,-3.47,-3.31,3.78,12.82,20.87,25.05,26.94,27.48,20.02,16.13,6.26,0.81
IA,tmax,1994,-6.57,-2.95,9.5,16.99,22.88,27.6,27.24,26.74,24.43,18.28,9.54,1.7
IA,tmax,1995,-3.53,1.8,8.04,12.91,19.25,26.81,29.46,30.41,22.54,17.05,4.38,-0.06
IA,tmax,1996,-3.41,0.29,5.09,14.64,18.61,26.35,27.52,27.07,22.19,18.01,2.61,-2.64
IA,tmax,1997,-4.53,0.32,8.62,13.05,18.87,27.99,28.79,26.68,24.55,17.83,4.66,0.88
IA,tmax,1998,-1.06,5.05,4.17,15.38,24.51,24.88,28.86,28.2,27.3,17.73,9.71,4.35
IA,tmax,1999,-4.12,4.88,8.06,15.27,21.55,25.93,30.63,27.08,23.87,18.35,14.19,2.85
IA,tmax,2000,-0.16,5.24,12.47,16.59,23.77,25.9,27.65,28.32,25.67,19.1,4.88,-7.33
IA,tmax,2001,-1.73,-3,3.32,18.06,21.71,25.88,29.66,28.73,22.63,16.66,15.22,4.42
IA,tmax,2002,3.72,4.16,5.11,15.55,20.42,28.51,30.77,27.64,25.55,13.54,7.04,3.98
IA,tmax,2003,-1.78,-0.63,7.43,16.68,20.47,25.68,28.77,30.27,23.48,18.87,7.1,2.18
IA,tmax,2004,-2.91,-0.91,9.77,17.86,21.94,25.1,26.87,25.06,26.27,17.13,9.91,2.23
IA,tmax,2005,-3.14,4.1,8.02,18.33,20.62,28.49,29.97,28.3,26.94,18.45,10.35,-3.04
IA,tmax,2006,4.33,2.13,7.48,18.66,21.84,27.51,30.64,27.79,21.63,14.92,10.12,4.39
IA,tmax,2007,-0.83,-4.94,10.39,14.13,24.55,27.5,29.45,28.87,25.3,19.15,8.93,-2.28
IA,tmax,2008,-3.65,-3.55,5.26,13.23,20.64,26.67,28.65,27.52,23.74,16.79,8.02,-2.25
IA,tmax,2009,-4.95,2.7,8.45,14.53,21.7,26.21,25.7,25.99,24.1,11.88,11.89,-2.23
IA,tmax,2010,-6.47,-3.29,8.43,19.73,21.66,27.28,28.97,29.38,23.61,20.17,8.98,-2.74
IA,tmax,2011,-4.95,-0.63,6.65,14.24,21.27,26.27,31.03,28.49,22.38,19.58,10.01,3.24
IA,tmax,2012,2.3,3.35,16.95,17.94,25.25,28.25,33.22,29.11,25.12,15.95,10.24,2.7
IA,tmax,2013,-0.08,0.14,2.7,12.2,20.69,25.75,28.51,28.28,26.55,16.67,6.72,-2.77
IA,tmax,2014,-3.55,-5.14,4.2,15.35,21.77,26.8,26.19,26.88,23.04,16.98,3.85,1.2
IA,tmax,2015,-0.81,-4.35,9.65,17.27,20.95,26.2,27.68,26.19,26.57,18.15,10.97,4.24
IA,tmean,1950,-7.29,-5.66,-0.89,5.93,15.22,20.18,20.82,19.9,17.19,14.22,0.92,-7.47
IA,tmean,1951,-7.69,-4.7,-2.62,6.54,16.72,18.51,22.06,21.31,15.51,11.36,-0.74,-6.45
IA,tmean,1952,-6.61,-0.42,-0.41,9.77,15.31,23.23,23.74,21.06,18.24,8.71,3.87,-3.35
IA,tmean,1953,-5.35,-2.54,2.52,6.43,15.36,22.71,23.63,22.83,18.43,14.56,5.32,-2.02
IA,tmean,1954,-7.29,2.67,0.2,11.18,13,22.64,25.19,22.24,19.1,11.1,5.22,-2.25
IA,tmean,1955,-6.2,-6.36,0.73,13.37,17.5,19.31,26.37,25.26,19.27,11.86,-0.37,-6.78
IA,tmean,1956,-7.14,-5.42,0.91,8.07,16.57,23.46,22.56,22.78,17.5,14.94,2.84,-2.3
IA,tmean,1957,-9.43,-1.59,1.8,9.45,14.92,20.41,25.35,22.69,16.24,9.84,2.09,-0.58
IA,tmean,1958,-4.7,-8.58,0.89,9.6,16.66,18.88,21.31,22.79,18.24,12.8,4.82,-6.26
IA,tmean,1959,-9.38,-6.71,1.56,9.32,17.05,21.99,22.19,24.56,17.8,8.98,-1.57,0.45
IA,tmean,1960,-6.58,-6.49,-6.64,10.39,15.09,19.61,22.5,22.68,18.83,11.49,4.47,-4.68
IA,tmean,1961,-6.68,-2.01,2.43,6.47,13.84,20.6,22.52,22.33,16.93,12.23,2.83,-6.69
IA,tmean,1962,-10.04,-5.68,-2.2,8.41,19.13,20.41,22.02,21.99,16.03,12.75,4.18,-3.87
IA,tmean,1963,-12.35,-7.03,3.9,11.24,15.28,22.82,23.67,21.69,18.43,17.07,5.77,-9.61
IA,tmean,1964,-3.13,-2.3,0,9.97,18.56,20.87,24.61,20.71,17.29,10.33,5.34,-6.11
IA,tmean,1965,-7.56,-7.26,-4.62,8.6,18.05,20.51,22.77,21.57,15.45,12.09,4.1,0.4
IA,tmean,1966,-10.53,-5.08,4.3,7.42,13.76,20.54,24.82,20.52,16.63,11.13,3.25,-4.35
IA,tmean,1967,-5.34,-6.39,3.61,10.17,13.65,20.33,21.71,20.43,16.15,10.43,1.9,-2.38
IA,tmean,1968,-7.14,-5.26,5.47,10.57,13.75,21.72,22.88,22.43,17.07,11.97,2.41,-5.2
IA,tmean,1969,-9.61,-4.44,-2.45,10.14,16.19,18.33,23.61,22.58,17.8,9.52,3.05,-4.99
IA,tmean,1970,-11.95,-4.13,-0.35,9.83,17.6,21.36,23.56,22.53,17.73,11.04,2.37,-4.05
IA,tmean,1971,-10.08,-6.18,0.01,10.38,14.03,23.73,21.49,21.48,18.75,14.48,3.66,-2.95
IA,tmean,1972,-8.97,-7.61,1.93,8.15,16.56,20.31,22.27,22.15,17.94,9.1,1.54,-7.61
IA,tmean,1973,-5.96,-3.24,5.97,8.54,14.31,21.94,23.18,23.03,17.43,14.07,3.75,-5.64
IA,tmean,1974,-8.2,-3.64,3.03,10.68,14.71,19.47,25.37,20.48,15.18,11.41,3.52,-3.21
IA,tmean,1975,-6.23,-6.3,-2.61,6.66,17.46,20.82,23.78,23.49,15.43,12.58,5.38,-2.75
IA,tmean,1976,-6.62,0.56,3.13,11.5,14.48,21.08,23.86,22.05,17.44,8.1,-0.52,-7.41
IA,tmean,1977,-13.92,-2.89,5.58,13.01,19.74,21.9,24.97,20.63,18.2,10.16,2.55,-6.3
IA,tmean,1978,-12.65,-11.07,-0.7,9.54,15.52,21.17,23.02,22.16,20.28,10.45,2.49,-6.49
IA,tmean,1979,-14.67,-11.79,0.16,7.33,14.95,20.8,22.57,21.88,18.48,11.09,2.33,-1.34
IA,tmean,1980,-5.72,-7.04,-0.17,9.84,16.57,21.18,24.99,23.39,18.41,9.43,4.13,-3.82
IA,tmean,1981,-4.54,-2.53,4.34,12.81,14.6,21.49,23.14,21.25,17.51,9.93,5.02,-5.24
IA,tmean,1982,-13.18,-6.69,0.57,7.12,17.11,18.27,23.55,21.46,16.98,11.68,2.25,-1.23
IA,tmean,1983,-4.28,-1.74,2.47,6.15,13.57,20.97,25.31,25.95,18.41,11.17,3.97,-13.2
IA,tmean,1984,-7.63,-0.04,-1.87,8.33,13.94,21.7,22.48,23.34,16.79,11.69,3.52,-3
IA,tmean,1985,-9.4,-7.09,4.89,11.97,17.62,19.46,22.89,20.19,17.73,10.73,-1.18,-11.18
IA,tmean,1986,-4.58,-6.36,4.16,11.44,16.28,22.19,24.25,19.84,18.64,11.16,0.18,-2.99
IA,tmean,1987,-3.95,1.19,4.9,11.64,18.67,23.07,24.64,21.64,17.5,8.36,5.56,-1.77
IA,tmean,1988,-8.91,-7.27,3.42,9.31,18.59,23.65,24.24,24.8,18.55,8.2,3.41,-3.51
IA,tmean,1989,-1.65,-9.56,0.83,9.68,15.06,20,24.03,21.99,16.22,11.61,1.13,-9.92
IA,tmean,1990,-1.18,-2.25,4.16,9.06,13.65,21.3,22.68,22.24,19.43,10.44,5.43,-6.31
IA,tmean,1991,-10.25,-1.7,4,10.9,17.91,22.94,23.35,22.26,17.21,10.33,-1.93,-2.59
IA,tmean,1992,-2.62,0.01,3.94,7.68,15.87,19.81,20.41,18.98,16.23,10.63,0.87,-4.14
IA,tmean,1993,-8.13,-7.13,-0.64,7.24,15.31,19.49,22.34,22.36,14.42,9.98,1.15,-3.49
IA,tmean,1994,-11.61,-8.46,3.16,9.72,15.86,21.81,21.44,20.61,18.1,12.36,4.43,-2.62
IA,tmean,1995,-7.58,-3.59,2.7,7.08,13.68,21.23,23.33,24.81,15.91,10.81,-0.81,-4.33
IA,tmean,1996,-8.66,-5.09,-1.33,7.64,13.62,20.84,21.63,21.28,16.18,11.3,-1.48,-6.75
IA,tmean,1997,-9.7,-3.88,2.73,6.83,12.39,21.53,23.11,21.01,18.1,11.31,0.49,-2.45
IA,tmean,1998,-4.89,1.37,0.1,9.72,18.4,19.6,23.35,22.96,20.27,11.86,4.78,-1.32
IA,tmean,1999,-8.6,0.2,2.07,9.85,15.91,20.6,24.89,21.23,16.44,10.48,6.95,-2.73
IA,tmean,2000,-5.73,-0.18,5.97,9.53,17.13,19.92,22.35,22.68,18.2,12.7,0.15,-12.19
IA,tmean,2001,-6.44,-8,-1.4,11.19,16.15,20.12,23.98,22.72,16.37,10.17,8.93,-0.64
IA,tmean,2002,-2.09,-1.47,-0.85,9.16,13.78,22.5,24.79,21.74,18.48,7.98,1.46,-1.8
IA,tmean,2003,-7.33,-6.74,1.3,10.02,14.34,19.64,22.81,23.5,16.2,11.28,2.12,-2.08
IA,tmean,2004,-7.97,-5.6,4.58,10.36,15.85,19.41,21.4,19.08,19.12,11.07,4.73,-3.11
IA,tmean,2005,-7.37,-0.73,1.85,11.64,14.27,22.62,23.8,22.03,19.8,11.49,4.25,-6.98
IA,tmean,2006,0.07,-4.12,2.19,11.86,15.83,21.15,24.42,22.4,15.57,8.92,4.04,-0.65
IA,tmean,2007,-5.82,-9.49,5.04,7.95,18.25,21.41,23.17,23.52,18.17,13.33,2.91,-6.5
IA,tmean,2008,-8.66,-8.64,0,7.57,14.11,20.83,22.9,21.18,17.55,10.41,2.92,-7.89
IA,tmean,2009,-10.56,-3.14,2.51,8.15,15.47,20.56,20.07,20.28,17.41,7.14,6.31,-6.64
IA,tmean,2010,-10.38,-8.38,3.16,12.69,15.52,21.67,23.71,23.64,17.28,12.14,3.19,-7.23
IA,tmean,2011,-9.81,-5.58,1.31,8.36,15.08,20.97,25.65,22.33,15.72,11.86,3.96,-1.8
IA,tmean,2012,-3.31,-1.74,10.47,11.1,18.38,21.89,26.4,21.74,16.75,9.32,3.9,-2.42
IA,tmean,2013,-5.7,-4.79,-2.01,6.22,15.01,20.59,22.41,21.99,19.48,10.27,1.04,-8.08
IA,tmean,2014,-10.06,-10.87,-1.67,8.44,15.52,21.33,20.51,21.86,16.67,10.56,-1.64,-2.16
IA,tmean,2015,-6.05,-9.98,2.52,10.37,15.5,20.8,22.26,20.58,20.34,11.69,5.59,0.54
IA,tmin,1950,-13.71,-11.16,-6.08,-0.18,8.91,13.83,14.43,13.83,10.3,6.81,-5.32,-12.7
IA,tmin,1951,-13.16,-9.84,-7.59,1.48,10.42,13.11,16.17,15.41,9.42,5.49,-6.34,-11.52
IA,tmin,1952,-12.32,-4.69,-4.92,3.03,9.07,16.78,17.31,14.98,10.47,0.09,-2.55,-7.36
IA,tmin,1953,-10.03,-7.46,-2.83,0.81,9.17,16.27,17.22,15.81,10.05,6.55,-1.14,-7.43
IA,tmin,1954,-13.66,-3.29,-5.09,4.25,6.38,16.76,18.48,16.51,12.43,5.7,-0.81,-6.54
IA,tmin,1955,-11,-11.86,-5.45,6.25,10.37,12.98,20.09,17.76,11.49,4.87,-6.39,-12.09
IA,tmin,1956,-12.47,-11.07,-5.15,0.55,9.72,16.4,15.95,16.46,9.53,7.24,-2.48,-7.45
IA,tmin,1957,-14.93,-6.61,-4.01,3.42,8.88,14.32,19.18,16.44,9.91,4.08,-2.22,-5.73
IA,tmin,1958,-8.9,-14.27,-3.64,2.98,9.07,12.7,15.7,16.24,11.59,5.44,-1.73,-12.13
IA,tmin,1959,-15.05,-12.28,-3.68,2.65,11.18,15.53,15.67,18.76,11.73,3.47,-7.06,-3.62
IA,tmin,1960,-11.01,-10.94,-12.09,4.19,8.74,13.56,15.97,16.5,12.51,4.4,-1.8,-10.21
IA,tmin,1961,-12.78,-7.55,-2,0.55,7.13,13.77,16.17,15.81,10.95,5.33,-2.18,-11.49
IA,tmin,1962,-15.46,-9.97,-7.12,1.58,12.93,14.27,16.23,15.3,9.28,6.82,-1.26,-9.36
IA,tmin,1963,-17.36,-12.98,-1.9,4.42,8.93,15.95,17.4,15.52,12.16,9.59,-0.25,-14.99
IA,tmin,1964,-8.96,-8.73,-6.22,3.62,11.93,14.45,18.17,14.08,11.27,2.73,-0.58,-11.07
IA,tmin,1965,-13.25,-13.39,-9.21,2.85,11.38,14.35,16.58,15.02,10.01,5.3,-1.85,-4.53
IA,tmin,1966,-15.92,-11.15,-1.98,1.38,6.37,14.16,18.45,13.72,9.63,3.4,-2.72,-9.37
IA,tmin,1967,-11.11,-12.7,-2.74,3.78,6.78,14.74,14.99,13.54,9.05,4.08,-3.44,-7
IA,tmin,1968,-12.38,-10.96,-2.13,3.48,6.88,15.11,16.67,16.3,10.75,5.63,-2.34,-9.86
IA,tmin,1969,-14.13,-8.68,-8.02,3.69,9.78,11.98,18.11,16.05,11.35,3.65,-2.84,-9.42
IA,tmin,1970,-17.2,-10.74,-5.37,3.09,11.03,15.14,16.78,16.26,11.68,5.31,-2.12,-9.35
IA,tmin,1971,-15.49,-10.77,-4.88,2.93,7.11,17.24,15.19,14.2,11.7,8.24,-1.35,-6.87
IA,tmin,1972,-14.57,-13.55,-3.89,1.9,10.35,13.47,16.37,16.4,11.87,3.03,-1.89,-12.23
IA,tmin,1973,-10.55,-7.67,1.43,2.83,8.11,15.44,17.42,16.94,12.2,7.76,-1.07,-10.04
IA,tmin,1974,-12.93,-8.97,-2.69,4.01,8.9,12.89,18.34,14.39,7.91,4.44,-1.36,-7.5
IA,tmin,1975,-11.38,-10.74,-7.79,1.33,10.71,14.93,16.98,17.08,9.04,4.48,-0.12,-7.24
IA,tmin,1976,-12.74,-5.64,-2.48,4.63,7.51,13.99,16.95,14.81,9.66,1.15,-7.19,-14.17
IA,tmin,1977,-19.97,-9.61,-0.08,6.07,12.98,14.84,18.16,14.54,12.24,4.18,-2.46,-10.78
IA,tmin,1978,-17.9,-16.8,-6.25,3.74,9.36,14.45,17.17,15.5,13.25,3.7,-2.75,-11.34
IA,tmin,1979,-19.5,-17.51,-4.69,1.79,7.85,14.17,16.48,16.12,10.98,4.2,-2.59,-7.06
IA,tmin,1980,-10.18,-11.93,-5.54,2.8,9.19,14.54,18.14,17.18,11.49,2.72,-2.18,-8.9
IA,tmin,1981,-11.01,-8.77,-2.71,5.76,7.89,14.82,17.63,15.29,10.43,3.79,-0.3,-9.87
IA,tmin,1982,-18.79,-11.83,-4.49,0.63,11.62,11.98,17.57,15.73,11.27,5.35,-2.73,-5.72
IA,tmin,1983,-8.31,-5.76,-1.89,1.12,7.29,14.82,18.76,18.96,11.28,5.36,-0.01,-17.56
IA,tmin,1984,-12.5,-5.01,-6.25,3.09,7.72,15.62,15.87,16.3,9.71,5.94,-2.26,-8.52
IA,tmin,1985,-15.05,-12.09,-0.95,5.38,10.75,12.73,15.97,14.09,12.27,5.05,-5.52,-16.86
IA,tmin,1986,-9.85,-10.59,-1.74,4.75,10.38,16.02,18.59,13.91,13.16,5.56,-5.3,-6.85
IA,tmin,1987,-8.72,-5.11,-0.65,4.14,11.63,16.38,18.65,16.05,11,1.42,0.78,-5.29
IA,tmin,1988,-14.44,-13.01,-3.38,1.81,10.81,15.89,17.2,17.81,11.4,1.42,-2.07,-9.09
IA,tmin,1989,-6.77,-15.3,-4.69,2.78,7.86,13.62,17.81,15.79,9.61,4.32,-5.36,-15.46
IA,tmin,1990,-6.65,-8.2,-1.38,2.48,7.72,15.64,17.33,16.72,12.91,3.36,-0.78,-11.43
IA,tmin,1991,-15.49,-7.16,-2.06,4.92,12.71,17.29,17.23,16.19,10.57,3.54,-6.31,-7.06
IA,tmin,1992,-7.11,-4.03,-1.67,2.03,8.74,13.04,15.29,12.99,9.94,3.88,-2.15,-8.31
IA,tmin,1993,-12.79,-10.95,-5.06,1.66,9.74,13.93,17.74,17.24,8.81,3.83,-3.96,-7.79
IA,tmin,1994,-16.64,-13.96,-3.17,2.44,8.83,16.02,15.64,14.47,11.78,6.45,-0.69,-6.94
IA,tmin,1995,-11.63,-8.99,-2.63,1.25,8.11,15.64,17.21,19.22,9.28,4.56,-6,-8.6
IA,tmin,1996,-13.91,-10.47,-7.76,0.63,8.63,15.33,15.74,15.49,10.17,4.59,-5.57,-10.85
IA,tmin,1997,-14.87,-8.09,-3.15,0.6,5.9,15.08,17.44,15.33,11.64,4.79,-3.68,-5.78
IA,tmin,1998,-8.71,-2.31,-3.97,4.07,12.3,14.32,17.85,17.73,13.25,5.99,-0.15,-7
IA,tmin,1999,-13.08,-4.49,-3.91,4.43,10.26,15.26,19.16,15.39,9.01,2.61,-0.29,-8.31
IA,tmin,2000,-11.3,-5.6,-0.53,2.46,10.49,13.93,17.06,17.04,10.72,6.29,-4.58,-17.05
IA,tmin,2001,-11.15,-13.01,-6.11,4.33,10.6,14.37,18.29,16.71,10.11,3.68,2.65,-5.71
IA,tmin,2002,-7.9,-7.11,-6.8,2.77,7.15,16.49,18.8,15.85,11.41,2.42,-4.12,-7.58
IA,tmin,2003,-12.88,-12.84,-4.82,3.36,8.22,13.61,16.85,16.73,8.92,3.68,-2.86,-6.34
IA,tmin,2004,-13.02,-10.28,-0.6,2.86,9.76,13.73,15.94,13.1,11.96,5,-0.45,-8.46
IA,tmin,2005,-11.61,-5.56,-4.32,4.94,7.92,16.75,17.62,15.75,12.65,4.54,-1.84,-10.92
IA,tmin,2006,-4.2,-10.38,-3.11,5.06,9.82,14.78,18.2,17,9.51,2.93,-2.03,-5.7
IA,tmin,2007,-10.8,-14.04,-0.32,1.77,11.95,15.32,16.88,18.16,11.03,7.51,-3.11,-10.72
IA,tmin,2008,-13.67,-13.72,-5.26,1.91,7.58,15,17.15,14.84,11.37,4.03,-2.17,-13.52
IA,tmin,2009,-16.16,-8.98,-3.42,1.77,9.24,14.91,14.44,14.57,10.73,2.41,0.73,-11.05
IA,tmin,2010,-14.29,-13.47,-2.11,5.66,9.37,16.05,18.46,17.9,10.95,4.1,-2.59,-11.72
IA,tmin,2011,-14.68,-10.54,-4.04,2.48,8.88,15.68,20.26,16.17,9.05,4.14,-2.08,-6.85
IA,tmin,2012,-8.93,-6.83,3.98,4.26,11.5,15.52,19.57,14.37,8.38,2.69,-2.43,-7.55
IA,tmin,2013,-11.32,-9.73,-6.72,0.24,9.32,15.43,16.32,15.7,12.42,3.86,-4.64,-13.39
IA,tmin,2014,-16.57,-16.59,-7.54,1.53,9.27,15.87,14.83,16.84,10.31,4.14,-7.14,-5.51
IA,tmin,2015,-11.28,-15.61,-4.62,3.47,10.04,15.4,16.83,14.96,14.1,5.22,0.21,-3.15