,,,,,,
State,CRD,YEAR,Harvested Acres,Planted Acres,Harvested Yield (bu/acre),Planted Yield (bu/acre)
IA,10,1951,1498300,1568100,39.5,37.7
IA,10,1952,1551700,1589500,61.5,60
IA,10,1953,1628200,1675200,55.1,53.6
IA,10,1954,1451400,1504800,59.7,57.6
IA,10,1955,1498100,1585700,46.3,43.7
IA,10,1956,1214400,1532600,45.8,36.3
IA,10,1957,1448900,1505500,58,55.8
IA,10,1958,1483900,1567100,53.5,50.7
IA,10,1959,1871400,1957900,58.3,55.7
IA,10,1960,1855700,1945700,64.8,61.8
IA,10,1961,1504900,1577600,73.6,70.2
IA,10,1962,1504900,1594900,74.4,70.2
IA,10,1963,1619700,1734800,71.5,66.8
IA,10,1964,1426100,1527800,74,69.1
IA,10,1965,1443900,1574400,71.9,65.9
IA,10,1966,1490300,1618800,85.1,78.3
IA,10,1967,1585100,1611255.563,80.9,79.6
IA,10,1968,1397000,1401388.857,86.3,86
IA,10,1969,1442000,1472177.342,103.7,101.6
IA,10,1970,1488700,1496529.644,73.8,73.4
IA,10,1971,1743000,1747221.672,98.2,98
IA,10,1972,1599000,1606309.714,116,115.5
IA,10,1973,1715700,1720290.624,110.1,109.8
IA,10,1974,1817000,1839682.242,75,74.1
IA,10,1975,1800000,1808977.556,87.6,87.2
IA,10,1976,1779000,1788458.192,73.1,72.7
IA,10,1977,1784000,1792084.592,103,102.5
IA,10,1978,1860000,1868303.571,119.5,119
IA,10,1979,1900000,1905604.72,123.9,123.5
IA,10,1980,1891000,1897533.564,116.8,116.4
IA,10,1981,1967600,1971306.893,125.1,124.9
IA,10,1982,1890000,1895667.166,117.9,117.5
IA,10,1983,1195000,1196877.455,86.5,86.4
IA,10,1984,1815800,1841054.252,107.9,106.4
IA,10,1985,1911800,1921719.809,129.8,129.1
IA,10,1986,1681000,1688850.555,135.3,134.7
IA,10,1987,1424000,1426920.027,129.4,129.1
IA,10,1988,1564000,1564966.028,100.7,100.6
IA,10,1989,1762000,1762975.637,131,130.9
IA,10,1990,1784000,1793737.991,127.2,126.5
IA,10,1991,1726000,1732829.847,121.8,121.3
IA,10,1992,1864000,1865959.012,146.8,146.6
IA,10,1993,1509000,1687608.445,82,73.3
IA,10,1994,1847000,1854801.478,153.9,153.3
IA,10,1995,1787000,1790897.492,128.5,128.2
IA,10,1996,1827000,1835778.964,142.1,141.4
IA,10,1997,1760000,1765821.389,138.7,138.2
IA,10,1998,1824000,1824978.016,153.1,153
IA,10,1999,1806000,1806976.744,163.3,163.2
IA,10,2000,1830000,1840753.205,145.3,144.5
IA,10,2001,1765000,1777711.911,143.4,142.4
IA,10,2002,1780000,1789647.696,157.3,156.5
IA,10,2003,1794000,1801654.4,163.4,162.7
IA,10,2004,1869000,1884566.892,186.8,185.3
IA,10,2005,1889000,1904587.416,182.6,181.1
IA,10,2006,1895000,1896940.604,157.4,157.2
IA,10,2007,2032000,2037791.924,164.2,163.7
IA,10,2008,1900000,1934260.69,184,180.7
IA,10,2009,1960000,1964863.524,193.9,193.4
IA,10,2010,1920000,1929746.193,184.7,183.8
IA,10,2011,2005000,2019599.515,177.7,176.4
IA,10,2012,1969000,1979038.602,154.8,154
IA,10,2013,1955000,1965358.863,178.6,177.7
IA,10,2014,1941000,1947657.031,175.3,174.7
IA,10,2015,1891000,1899711.696,202.5,201.6
IA,20,1951,1282000,1384800,43.3,40.1
IA,20,1952,1367700,1428600,63.9,61.2
IA,20,1953,1441300,1498300,56.1,54
IA,20,1954,1289100,1375400,61.4,57.5
IA,20,1955,1340200,1414200,51.3,48.6
IA,20,1956,1328300,1389100,62.8,60.1
IA,20,1957,1336400,1399400,62.5,59.7
IA,20,1958,1341300,1396000,67.2,64.6
IA,20,1959,1716700,1778500,66.8,64.5
IA,20,1960,1657400,1730100,62.5,59.9
IA,20,1961,1328600,1384900,75.7,72.6
IA,20,1962,1319900,1390000,74.9,71.1
IA,20,1963,1427500,1496300,80.1,76.4
IA,20,1964,1296600,1389000,77.4,72.3
IA,20,1965,1310000,1381500,82.7,78.4
IA,20,1966,1312600,1375200,95.9,91.5
IA,20,1967,1485200,1544377.065,94.1,90.5
IA,20,1968,1297000,1302966.758,103.4,102.9
IA,20,1969,1221000,1292184.5,102.8,97.1
IA,20,1970,1275500,1283099.133,100.5,99.9
IA,20,1971,1518000,1521382.353,106.7,106.5
IA,20,1972,1354000,1360760.342,117.6,117
IA,20,1973,1445800,1450044.409,109.7,109.4
IA,20,1974,1607000,1628933.489,88.7,87.5
IA,20,1975,1663000,1673555.684,95.4,94.8
IA,20,1976,1729000,1738568.345,93.1,92.6
IA,20,1977,1648000,1659511.059,102.4,101.7
IA,20,1978,1682000,1694552.239,121,120.1
IA,20,1979,1700000,1707753.706,130,129.4
IA,20,1980,1742000,1748827.548,125.3,124.8
IA,20,1981,1803900,1829191.066,133.5,131.7
IA,20,1982,1745000,1749879.754,127.2,126.8
IA,20,1983,1096000,1097944.987,101.5,101.3
IA,20,1984,1700900,1712742.39,115,114.2
IA,20,1985,1743500,1748934.542,133.5,133.1
IA,20,1986,1537700,1541663.144,145.2,144.8
IA,20,1987,1304000,1305966.817,137.9,137.7
IA,20,1988,1460000,1460986.486,105.9,105.8
IA,20,1989,1661000,1661984.588,124.8,124.7
IA,20,1990,1688000,1691937.026,136.2,135.9
IA,20,1991,1522000,1532850.292,116,115.2
IA,20,1992,1821000,1822978.273,151.8,151.6
IA,20,1993,1519000,1609613.855,70.9,66.9
IA,20,1994,1774000,1776959.956,150.7,150.4
IA,20,1995,1733000,1739916.192,130.6,130.1
IA,20,1996,1757000,1761946.509,145.3,144.9
IA,20,1997,1681000,1685932.512,144.3,143.9
IA,20,1998,1746000,1746990.357,149.9,149.8
IA,20,1999,1685000,1701790.739,148.5,147
IA,20,2000,1740000,1744943.182,150.7,150.3
IA,20,2001,1653000,1661897.727,144.6,143.8
IA,20,2002,1680000,1689882.353,169.6,168.6
IA,20,2003,1715000,1723875.791,164.1,163.3
IA,20,2004,1790000,1800890.487,180.1,179
IA,20,2005,1801000,1811891.149,185.7,184.6
IA,20,2006,1798000,1801955.996,175.1,174.7
IA,20,2007,2061000,2065951.946,177.2,176.8
IA,20,2008,1885000,1937471.113,170,165.4
IA,20,2009,1914000,1914992.224,179.7,179.6
IA,20,2010,1870000,1879868.074,175.6,174.7
IA,20,2011,1970000,1980922.379,181.3,180.3
IA,20,2012,1962000,1985591.182,143.9,142.2
IA,20,2013,1695000,1711665.703,167.1,165.5
IA,20,2014,1950000,1966750.884,171.9,170.4
IA,20,2015,1834000,1853794.927,198.9,196.8
IA,30,1951,875100,990600,45.6,40.3
IA,30,1952,931800,1017200,61.6,56.4
IA,30,1953,970100,1045900,57.7,53.5
IA,30,1954,955500,1038300,63.7,58.6
IA,30,1955,977800,1061600,52.1,48
IA,30,1956,1014600,1087000,68.2,63.7
IA,30,1957,1002800,1077200,64.6,60.1
IA,30,1958,1021700,1090800,68.2,63.9
IA,30,1959,1187500,1267400,66,61.8
IA,30,1960,1148400,1242400,57.8,53.4
IA,30,1961,1000100,1072000,74.3,69.3
IA,30,1962,943600,1031300,68.1,62.3
IA,30,1963,1024300,1111300,82,75.6
IA,30,1964,937500,1064300,66.3,58.4
IA,30,1965,968500,1080000,79,70.8
IA,30,1966,976900,1074600,87,79.1
IA,30,1967,1126800,1142045.756,88.7,87.5
IA,30,1968,1043000,1049748.382,94,93.4
IA,30,1969,955000,1005788.224,92.8,88.1
IA,30,1970,1047000,1055666.756,94.7,93.9
IA,30,1971,1175000,1179926.82,97.1,96.7
IA,30,1972,1120000,1125558.313,109.8,109.3
IA,30,1973,1187800,1195738.359,103.6,102.9
IA,30,1974,1273000,1293315.759,88,86.6
IA,30,1975,1305000,1313133.657,92.5,91.9
IA,30,1976,1373000,1384735.043,90.7,89.9
IA,30,1977,1386000,1396218.499,111.5,110.7
IA,30,1978,1426000,1436326.531,118,117.2
IA,30,1979,1460000,1465669.903,130.4,129.9
IA,30,1980,1517000,1521764.447,121.4,121
IA,30,1981,1611600,1614660.969,129.2,129
IA,30,1982,1538000,1540834.152,121.5,121.3
IA,30,1983,1037000,1037916.888,102.4,102.3
IA,30,1984,1567500,1571802.379,114.1,113.8
IA,30,1985,1610000,1617657.551,119.8,119.2
IA,30,1986,1454000,1459800.532,143.2,142.6
IA,30,1987,1242000,1245848.18,137.5,137.1
IA,30,1988,1205000,1209472.903,70.1,69.8
IA,30,1989,1439000,1439943.607,114.6,114.5
IA,30,1990,1481000,1484839.274,134.5,134.2
IA,30,1991,1507000,1507966.026,127.8,127.7
IA,30,1992,1576000,1576968.059,140.9,140.8
IA,30,1993,1374000,1410280.298,78.6,76.6
IA,30,1994,1499000,1501875.32,147.6,147.3
IA,30,1995,1492000,1495855.297,123,122.7
IA,30,1996,1531000,1533888.679,137,136.7
IA,30,1997,1435000,1439751.656,140.4,139.9
IA,30,1998,1503000,1503000,152.1,152.1
IA,30,1999,1408000,1409916.95,154.9,154.7
IA,30,2000,1418000,1421848.033,145.7,145.3
IA,30,2001,1320000,1327680,154.4,153.5
IA,30,2002,1360000,1365710.287,175,174.3
IA,30,2003,1375000,1382554.945,153.6,152.8
IA,30,2004,1433000,1443565.013,172.6,171.3
IA,30,2005,1466000,1476567.497,183.5,182.2
IA,30,2006,1432000,1436792.503,176.9,176.3
IA,30,2007,1637000,1642750.585,174.7,174.1
IA,30,2008,1490000,1531044.202,165,160.6
IA,30,2009,1529000,1564291.953,173.1,169.2
IA,30,2010,1590000,1599607.251,175.9,174.8
IA,30,2011,1695000,1709528.571,186.6,185
IA,30,2012,1695000,1701665.73,139.6,139.1
IA,30,2013,1530000,1538473.846,176.6,175.6
IA,30,2014,1630000,1636703.878,170.2,169.5
IA,30,2015,1603000,1608834.656,194,193.3
IA,40,1951,1502700,1594600,42.6,40.1
IA,40,1952,1559200,1592400,61.2,59.9
IA,40,1953,1634000,1669100,50.1,49
IA,40,1954,1481000,1528100,49,47.5
IA,40,1955,1492100,1555500,42.2,40.5
IA,40,1956,1158900,1520600,39,29.7
IA,40,1957,1356100,1405200,58,56
IA,40,1958,1367400,1399400,67.3,65.8
IA,40,1959,1746000,1788300,64.1,62.6
IA,40,1960,1800500,1846200,67.9,66.2
IA,40,1961,1397200,1434000,77.2,75.2
IA,40,1962,1388000,1441200,78.6,75.7
IA,40,1963,1539500,1603100,77.7,74.6
IA,40,1964,1360300,1415900,79.6,76.5
IA,40,1965,1374600,1444100,81.3,77.4
IA,40,1966,1432300,1510200,88.7,84.1
IA,40,1967,1582300,1663023.764,83.8,79.7
IA,40,1968,1354000,1360750.312,87,86.6
IA,40,1969,1377000,1410930.185,100.3,97.9
IA,40,1970,1442900,1450350.43,72.4,72
IA,40,1971,1719800,1724252.797,92.1,91.9
IA,40,1972,1598000,1605436.882,115.9,115.4
IA,40,1973,1750400,1760445.741,106.3,105.7
IA,40,1974,1877000,1901239.649,70.9,70
IA,40,1975,1857000,1868147.574,84.7,84.2
IA,40,1976,1901000,1909154.909,70.6,70.3
IA,40,1977,1841000,1860026.083,74.3,73.5
IA,40,1978,1877000,1892061.184,115,114.1
IA,40,1979,1950000,1954698.795,119.1,118.8
IA,40,1980,1960000,1967470.224,86.8,86.5
IA,40,1981,2006800,2012541.917,109.7,109.4
IA,40,1982,1918100,1925660.995,115.8,115.3
IA,40,1983,1222000,1222948.022,86.1,86
IA,40,1984,1825500,1847307.141,109.3,108
IA,40,1985,1953000,1959869.849,123.6,123.2
IA,40,1986,1732000,1737917.995,127.8,127.4
IA,40,1987,1421000,1423950.173,131.5,131.2
IA,40,1988,1600000,1601968.02,102,101.9
IA,40,1989,1817000,1818964.324,121.6,121.5
IA,40,1990,1821000,1840612.278,120.7,119.4
IA,40,1991,1806000,1812893.13,119,118.5
IA,40,1992,1878000,1879973.726,152.1,151.9
IA,40,1993,1684000,1721487.991,84.3,82.5
IA,40,1994,1826000,1828954.693,152.5,152.3
IA,40,1995,1737000,1747843.927,120.5,119.8
IA,40,1996,1804000,1813868.709,138.7,137.9
IA,40,1997,1728000,1733911.06,131,130.6
IA,40,1998,1756000,1786445.19,138.5,136.1
IA,40,1999,1737000,1739942.405,147,146.8
IA,40,2000,1771000,1782793.563,133.1,132.2
IA,40,2001,1737000,1748809.632,138.6,137.7
IA,40,2002,1760000,1772803.581,156.3,155.2
IA,40,2003,1734000,1742826.923,152.1,151.3
IA,40,2004,1834000,1840909.58,179.1,178.4
IA,40,2005,1841000,1846925.966,173.3,172.7
IA,40,2006,1840000,1843950.617,147.4,147.1
IA,40,2007,2056000,2061936.477,165.9,165.4
IA,40,2008,1970000,2008763.875,180,176.5
IA,40,2009,2015000,2023929.099,191.7,190.9
IA,40,2010,1975000,1984875,172.1,171.2
IA,40,2011,2070000,2101800.288,176.3,173.6
IA,40,2012,2109000,2134504.186,127.4,125.9
IA,40,2013,2080000,2110415.094,156.8,154.5
IA,40,2014,2015000,2026818.182,179.2,178.2
IA,40,2015,1984000,2002645.318,193.1,191.3
IA,50,1951,1513600,1565600,49.3,47.7
IA,50,1952,1573000,1599200,67.3,66.2
IA,50,1953,1629400,1660100,56.1,55.1
IA,50,1954,1462600,1504300,56.8,55.2
IA,50,1955,1523700,1558900,54.4,53.2
IA,50,1956,1330800,1502100,52,46.1
IA,50,1957,1443000,1475900,69.1,67.6
IA,50,1958,1432100,1460000,72.6,71.2
IA,50,1959,1783200,1818600,71.9,70.5
IA,50,1960,1799800,1837800,68.6,67.2
IA,50,1961,1459600,1491900,79.9,78.2
IA,50,1962,1418900,1459300,83.8,81.5
IA,50,1963,1560500,1603600,86.8,84.5
IA,50,1964,1467200,1506500,87.4,85.1
IA,50,1965,1506900,1547700,86.8,84.5
IA,50,1966,1519900,1563600,94,91.4
IA,50,1967,1677800,1735317.864,94.9,91.8
IA,50,1968,1472000,1477965.453,103.2,102.8
IA,50,1969,1425000,1493504.944,101.8,97.1
IA,50,1970,1504100,1510819.514,98.6,98.2
IA,50,1971,1695400,1698517.44,108.8,108.6
IA,50,1972,1530000,1537786.26,124.5,123.9
IA,50,1973,1613100,1616986.754,113.3,113
IA,50,1974,1797000,1817851.83,95.4,94.3
IA,50,1975,1864000,1874690.302,98.4,97.8
IA,50,1976,1949000,1957766.117,103.6,103.1
IA,50,1977,1901000,1960496.214,65.7,63.7
IA,50,1978,1862000,1870755.486,116.1,115.6
IA,50,1979,1870000,1874877.413,135.3,134.9
IA,50,1980,1916000,1919904.228,116,115.8
IA,50,1981,1945500,1950902.802,129.5,129.1
IA,50,1982,1855900,1868757.523,128.1,127.2
IA,50,1983,1191000,1191978.636,103.5,103.4
IA,50,1984,1771000,1780838.889,118.2,117.5
IA,50,1985,1834200,1839645.668,128.2,127.8
IA,50,1986,1644600,1650544.337,134.6,134.1
IA,50,1987,1452000,1454967.302,141.1,140.8
IA,50,1988,1564000,1577685,82.7,82
IA,50,1989,1791000,1791982.986,123.8,123.7
IA,50,1990,1809000,1839728.219,122.7,120.7
IA,50,1991,1749000,1759900.283,119.6,118.9
IA,50,1992,1860000,1861984,156.1,155.9
IA,50,1993,1630000,1696228.017,83.3,80
IA,50,1994,1830000,1833967.48,157,156.7
IA,50,1995,1755000,1760955.882,136.7,136.2
IA,50,1996,1795000,1800960.155,141.8,141.3
IA,50,1997,1766000,1771952.809,142.8,142.3
IA,50,1998,1792000,1796955.752,145.5,145.1
IA,50,1999,1726000,1727982.769,154,153.8
IA,50,2000,1741000,1747944.16,150.3,149.7
IA,50,2001,1708000,1717924.463,153,152.1
IA,50,2002,1750000,1760912.698,178.3,177.2
IA,50,2003,1760000,1767901.235,167.9,167.1
IA,50,2004,1818000,1822972.648,188.9,188.4
IA,50,2005,1848000,1854966.074,186.7,186
IA,50,2006,1829000,1830991.29,177.4,177.2
IA,50,2007,2058000,2066960.813,179.3,178.5
IA,50,2008,1900000,1952750.131,169,164.4
IA,50,2009,1965000,1975949.848,177.3,176.3
IA,50,2010,1925000,1934922.68,167.5,166.6
IA,50,2011,2010000,2035000,175.1,172.9
IA,50,2012,2030000,2068000,151.3,148.5
IA,50,2013,1920000,1950727.93,152.2,149.8
IA,50,2014,1908000,1919906.396,182.4,181.3
IA,50,2015,1899000,1921359.8,194.8,192.5
IA,60,1951,1023300,1061800,54.2,52.2
IA,60,1952,1082900,1110500,71.2,69.4
IA,60,1953,1107100,1136500,57.7,56.2
IA,60,1954,1068100,1109000,64.7,62.3
IA,60,1955,1108500,1145000,57.5,55.7
IA,60,1956,1109900,1149900,68.5,66.1
IA,60,1957,1127900,1166900,71.3,68.9
IA,60,1958,1139700,1173500,72.3,70.2
IA,60,1959,1271100,1312900,72.4,70.1
IA,60,1960,1277500,1326200,67.4,64.9
IA,60,1961,1146700,1184300,83,80.4
IA,60,1962,1077200,1127400,84.7,80.9
IA,60,1963,1156400,1208800,85.9,82.2
IA,60,1964,1114000,1161900,86,82.5
IA,60,1965,1137200,1183500,92.3,88.7
IA,60,1966,1155600,1211000,92.2,88
IA,60,1967,1286400,1306871.408,100.3,98.7
IA,60,1968,1136000,1141614.657,100.5,100
IA,60,1969,1116000,1153493.315,102.9,99.6
IA,60,1970,1156300,1164726.168,83.7,83.1
IA,60,1971,1259500,1262667.708,110.3,110
IA,60,1972,1156000,1161727.498,114.1,113.5
IA,60,1973,1188300,1195873.01,101.6,101
IA,60,1974,1264000,1281710.914,85.8,84.6
IA,60,1975,1356000,1360708.333,100.1,99.8
IA,60,1976,1439000,1446548.852,101.9,101.4
IA,60,1977,1438000,1456034.323,102.6,101.3
IA,60,1978,1468000,1475690.897,117.8,117.2
IA,60,1979,1475000,1477892.157,132.3,132
IA,60,1980,1496000,1497927.835,117.9,117.7
IA,60,1981,1589600,1594179.857,132.4,132
IA,60,1982,1562900,1570753.769,129.3,128.7
IA,60,1983,1057000,1057952.252,85.3,85.2
IA,60,1984,1553000,1558860.377,123.2,122.7
IA,60,1985,1567000,1572854.296,120.2,119.8
IA,60,1986,1380000,1387846.482,136.3,135.5
IA,60,1987,1193000,1197869.388,120,119.5
IA,60,1988,1187000,1200749.035,52,51.4
IA,60,1989,1376000,1376000,115.2,115.2
IA,60,1990,1386000,1394723.077,129.8,129
IA,60,1991,1431000,1432949.591,102,101.9
IA,60,1992,1433000,1435932.469,139,138.7
IA,60,1993,1258000,1290650.382,88.5,86.3
IA,60,1994,1399000,1401930.866,154.6,154.3
IA,60,1995,1335000,1340842.451,118,117.5
IA,60,1996,1374000,1378865.439,135.5,135
IA,60,1997,1278000,1281911.247,140.9,140.5
IA,60,1998,1291000,1291982.496,152,151.9
IA,60,1999,1248000,1249957.647,152.9,152.7
IA,60,2000,1256000,1261878.315,144.9,144.2
IA,60,2001,1211000,1217863.968,163.2,162.3
IA,60,2002,1225000,1235745.614,178,176.5
IA,60,2003,1258000,1269639.167,168.8,167.3
IA,60,2004,1309000,1319801.95,177.1,175.7
IA,60,2005,1299000,1307810.098,143.2,142.2
IA,60,2006,1256000,1262890.282,173.7,172.8
IA,60,2007,1477000,1481923.333,179.3,178.7
IA,60,2008,1325000,1354466.271,174,170.2
IA,60,2009,1383000,1389875.71,184.2,183.3
IA,60,2010,1375000,1384821.429,165.3,164.1
IA,60,2011,1455000,1473729.675,172.3,170.1
IA,60,2012,1416000,1426236.145,134.7,133.7
IA,60,2013,1380000,1401516.655,173.2,170.5
IA,60,2014,1366000,1373873.199,186.9,185.8
IA,60,2015,1362000,1372892.86,189.1,187.6
IA,70,1951,766600,886000,35.8,31
IA,70,1952,964000,986800,57.6,56.3
IA,70,1953,1026300,1056900,48.2,46.8
IA,70,1954,940600,994800,34.2,32.3
IA,70,1955,933900,992000,36.8,34.6
IA,70,1956,931100,975600,42.9,40.9
IA,70,1957,849600,877100,53.1,51.4
IA,70,1958,758900,781300,62.6,60.8
IA,70,1959,1040300,1063800,60.5,59.2
IA,70,1960,1102500,1127100,63.6,62.2
IA,70,1961,841600,858300,68.3,67
IA,70,1962,822900,846300,76.3,74.2
IA,70,1963,922300,950200,77,74.7
IA,70,1964,810300,832900,68.3,66.4
IA,70,1965,826800,847200,80.9,79
IA,70,1966,849300,875800,86.6,84
IA,70,1967,935300,1017391.639,83.2,76.5
IA,70,1968,793000,801142.6673,74.4,73.6
IA,70,1969,795000,800990.5202,97,96.3
IA,70,1970,844500,849206.6083,82.7,82.2
IA,70,1971,967200,969597.1448,97.9,97.7
IA,70,1972,887000,891784.2503,111.7,111.1
IA,70,1973,955900,964634.5015,105.4,104.4
IA,70,1974,1003000,1019090.909,47.8,47
IA,70,1975,967000,976361.0842,68.2,67.5
IA,70,1976,1017000,1024610.851,98.5,97.8
IA,70,1977,1029000,1037511.949,68.3,67.7
IA,70,1978,1025000,1030726.257,104.7,104.1
IA,70,1979,1065000,1072710.407,120,119.1
IA,70,1980,1070000,1082298.851,88,87
IA,70,1981,1091700,1095922.468,116.7,116.3
IA,70,1982,994100,997838.2991,102.5,102.1
IA,70,1983,664000,665902.5788,78.9,78.7
IA,70,1984,994000,1003745.098,95.8,94.9
IA,70,1985,1047800,1050258.47,127.4,127.1
IA,70,1986,947200,950169.279,131.3,130.9
IA,70,1987,819000,825915.5609,126.4,125.3
IA,70,1988,863000,864941.5073,92.2,92
IA,70,1989,978000,978980.9428,114.2,114.1
IA,70,1990,1006000,1007968.689,117.3,117.1
IA,70,1991,991000,993961.1554,129.9,129.5
IA,70,1992,1032000,1032988.506,149.1,149
IA,70,1993,877000,932481.687,76.2,71.7
IA,70,1994,1002000,1003970.501,144.9,144.6
IA,70,1995,842000,845925.4079,99.2,98.7
IA,70,1996,973000,977934.0771,130.5,129.8
IA,70,1997,929000,931961.7428,129,128.6
IA,70,1998,981000,987867,135.6,134.7
IA,70,1999,946000,946982.3468,132.2,132.1
IA,70,2000,967000,968967.4466,137.2,136.9
IA,70,2001,932000,935940.8034,131.8,131.2
IA,70,2002,990000,998856.8588,127.3,126.2
IA,70,2003,951000,956906.8323,128.5,127.7
IA,70,2004,996000,997974.2319,183.4,183
IA,70,2005,992000,994961.194,163.8,163.3
IA,70,2006,985000,985989.9497,160.2,160
IA,70,2007,1050000,1054952.83,152.6,151.9
IA,70,2008,970000,993000,160,156.3
IA,70,2009,1068000,1068496.975,182.5,182.4
IA,70,2010,1015000,1024902.439,151.9,150.4
IA,70,2011,1030000,1095000,157.5,148.2
IA,70,2012,1071000,1093000,121.1,118.7
IA,70,2013,1075000,1091812.328,159.2,156.7
IA,70,2014,1051000,1074000,175.4,171.6
IA,70,2015,1037000,1047963.616,183.9,182
IA,80,1951,517300,592900,30.1,26.3
IA,80,1952,648200,668300,50,48.5
IA,80,1953,618900,671400,40.3,37.1
IA,80,1954,600200,685000,35.2,30.8
IA,80,1955,620700,663800,41,38.3
IA,80,1956,588500,653200,45.3,40.8
IA,80,1957,558100,582600,51.7,49.5
IA,80,1958,501200,515700,60.1,58.4
IA,80,1959,629300,654000,53.3,51.3
IA,80,1960,657800,691400,52.4,49.9
IA,80,1961,513500,536000,62.9,60.3
IA,80,1962,478300,508300,65.9,62
IA,80,1963,572300,596900,76,72.9
IA,80,1964,535400,558200,68.5,65.7
IA,80,1965,541300,563100,71.4,68.6
IA,80,1966,537300,559300,81.7,78.5
IA,80,1967,548700,641893.4142,66.4,56.8
IA,80,1968,480000,483849.2382,87,86.3
IA,80,1969,462000,475518.7231,78.5,76.3
IA,80,1970,511500,517032.8236,82.4,81.5
IA,80,1971,582700,585165.0504,95.4,95
IA,80,1972,538000,540826.62,108.7,108.1
IA,80,1973,553900,558824.3973,98,97.1
IA,80,1974,553000,563089.7936,61.2,60.1
IA,80,1975,594000,598583.3333,73.7,73.1
IA,80,1976,653000,657731.8841,94.8,94.1
IA,80,1977,610000,678084.4646,40.2,36.2
IA,80,1978,632000,643268.945,97.7,96
IA,80,1979,650000,654744.5255,110.5,109.7
IA,80,1980,653000,664067.7966,88.4,86.9
IA,80,1981,715700,728282.8982,118.9,116.8
IA,80,1982,610000,623199.3818,90.9,89
IA,80,1983,395000,402547.7707,47.2,46.3
IA,80,1984,651300,658554.4626,85.5,84.6
IA,80,1985,769200,770956.61,123,122.7
IA,80,1986,692200,696121.813,120.8,120.1
IA,80,1987,478000,478977.5051,115.4,115.2
IA,80,1988,441000,444366.4122,61.9,61.4
IA,80,1989,530000,530939.7163,98.4,98.2
IA,80,1990,519000,526576.6423,108.1,106.5
IA,80,1991,528000,533760,108.5,107.3
IA,80,1992,555000,558874.3455,129.5,128.6
IA,80,1993,375000,408450.7042,61,56
IA,80,1994,519000,520911.6022,145.2,144.7
IA,80,1995,268000,271722.2222,92.9,91.6
IA,80,1996,445000,448836.2069,120.7,119.7
IA,80,1997,476000,477942.8571,123.5,123
IA,80,1998,468000,469906.3136,123.5,123
IA,80,1999,443000,443944.5629,127.8,127.5
IA,80,2000,459000,459954.262,138.1,137.8
IA,80,2001,387000,389866.6667,129.2,128.2
IA,80,2002,465000,470824.6347,145.3,143.5
IA,80,2003,476000,483724.1379,127.7,125.7
IA,80,2004,500000,503868.472,165.6,164.3
IA,80,2005,500000,503875.969,156,154.8
IA,80,2006,486000,487963.6364,152.7,152.1
IA,80,2007,566000,569930.5556,155.5,154.4
IA,80,2008,490000,507000,132,127.6
IA,80,2009,548000,551446.5409,152.9,151.9
IA,80,2010,510000,524711.5385,98,95.3
IA,80,2011,565000,577336.2445,129.6,126.8
IA,80,2012,540000,545625,84.8,83.9
IA,80,2013,540000,546750,133.5,131.9
IA,80,2014,536000,541794.5946,169.5,167.7
IA,80,2015,545000,547603.0426,163.2,162.4
IA,90,1951,701100,741600,42.1,39.8
IA,90,1952,770500,789500,60.2,58.8
IA,90,1953,755700,799600,46,43.5
IA,90,1954,765500,800300,53.4,51.1
IA,90,1955,798000,822300,51.3,49.8
IA,90,1956,736500,772900,52.1,49.6
IA,90,1957,737200,759200,62.9,61.1
IA,90,1958,735800,752200,68.5,67
IA,90,1959,893500,915600,65.5,63.9
IA,90,1960,866400,911100,53,50.4
IA,90,1961,783800,809000,74.1,71.8
IA,90,1962,723300,752300,78,75
IA,90,1963,822500,850000,83.4,80.7
IA,90,1964,790600,816500,79,76.5
IA,90,1965,823800,845500,88.3,86
IA,90,1966,857800,887500,81.7,79
IA,90,1967,917400,950820.409,90.8,87.6
IA,90,1968,803000,808971.3519,89.4,88.7
IA,90,1969,756000,785391.3491,93,89.5
IA,90,1970,806500,815718.8064,84.2,83.2
IA,90,1971,889400,892522.7562,111.1,110.7
IA,90,1972,818000,821899.8808,118.1,117.5
IA,90,1973,869100,873954.7648,105.5,104.9
IA,90,1974,909000,922042.3609,90.2,88.9
IA,90,1975,1014000,1020760,93.2,92.6
IA,90,1976,1060000,1066807.339,106.9,106.2
IA,90,1977,1063000,1070730.909,76.2,75.6
IA,90,1978,1018000,1023811.608,106.6,106
IA,90,1979,1030000,1033905.213,133,132.5
IA,90,1980,1055000,1056948.292,112.9,112.7
IA,90,1981,1117600,1120841.698,125.7,125.3
IA,90,1982,1036000,1054534.84,122.7,120.5
IA,90,1983,693000,703110.0796,47.9,47.2
IA,90,1984,1021000,1026839.847,120.7,120
IA,90,1985,1113500,1116932.188,126.2,125.8
IA,90,1986,981300,986231.1558,131.6,130.9
IA,90,1987,817000,818959.2326,111.8,111.5
IA,90,1988,816000,821627.5862,50.4,50.1
IA,90,1989,896000,897937.2973,86.3,86.1
IA,90,1990,906000,917715.5172,122,120.4
IA,90,1991,940000,941964.4723,97.9,97.7
IA,90,1992,931000,933949.3136,140.3,139.9
IA,90,1993,774000,820938.1188,79.8,75.2
IA,90,1994,904000,905958.8299,154.6,154.3
IA,90,1995,651000,654904.048,111.1,110.4
IA,90,1996,894000,896934.3545,128.6,128.2
IA,90,1997,847000,849954.6512,138.2,137.7
IA,90,1998,839000,840948.8966,129.5,129.2
IA,90,1999,801000,801968.5611,126.7,126.5
IA,90,2000,818000,819945.3032,144.1,143.8
IA,90,2001,687000,690892.3513,140.1,139.3
IA,90,2002,840000,843925.2336,154.8,154.1
IA,90,2003,837000,838960.1874,152.8,152.4
IA,90,2004,851000,853954.8611,183.8,183.2
IA,90,2005,864000,866955.5302,142.9,142.4
IA,90,2006,829000,831964.2431,166.2,165.6
IA,90,2007,963000,966950.7692,175.5,174.8
IA,90,2008,870000,889750.2838,169,165.2
IA,90,2009,918000,923928.9559,163.9,162.8
IA,90,2010,870000,894576.2712,111.4,108.3
IA,90,2011,900000,920565.8324,137.3,134.2
IA,90,2012,908000,914315.6768,122.1,121.3
IA,90,2013,875000,889664.8045,156.4,153.8
IA,90,2014,903000,923000,193.6,189.4
IA,90,2015,895000,903075.4842,175,173.4